ID	adj.P.Val	P.Value	t	B	logFC	dbEST_ID	GB_ACC	Annotation	SPOT_ID
USD-526	0.146	0.000299	-6.00997	0.6242	-2.429133	58611304	FK253782	unknown	
USD-608	0.146	0.000559	-5.4725	0.1144	-2.144069	58611379	FK253857	unknown	
USD-125	0.146	0.000705	5.2816	-0.0786	1.770543	58610898	FK253376	unknown	
Tr-416	0.146	0.000978	-5.01874	-0.3549	-1.796905	NA		rehydrin	rehydrin
USD-256	0.146	0.001226	4.84165	-0.548	1.468649	58611033	FK253511	Spherulin-1B precursor	
USD-698	0.146	0.001521	-4.67561	-0.7343	-2.275699	NA		unknown	-- unknown clone: USD-698
USD-187	0.146	0.001561	4.65587	-0.7568	1.589878	58610961	FK253439	unknown	
USD-460	0.146	0.001754	-4.56764	-0.8582	-1.504807	58611239	FK253717	microsomal glutathione s-transferase 3	
USD-203	0.146	0.001761	4.56439	-0.8619	1.564729	NA		unknown	-- unknown clone: USD-203
USD-27	0.146	0.002016	4.46339	-0.9797	1.289815	58611048	FK253526	unknown	
USD-447	0.146	0.00209	-4.43646	-1.0115	-1.391431	58611223	FK253701	unknown	
USD-714	0.155	0.002447	-4.32018	-1.15	-1.031096	NA		unknown	-- unknown clone: USD-714
USD-107	0.155	0.002631	4.26739	-1.2137	1.37072	58610880	FK253358	LTI30/XERO2 dehydrin	
USD-668	0.155	0.00284	-4.21173	-1.2814	-1.864277	NA		unknown	-- unknown clone: USD-668
USD-131	0.159	0.003108	4.14673	-1.3611	1.097373	NA		unknown	-- unknown clone: USD-131
USD-511	0.164	0.003551	-4.05137	-1.4795	-0.932813	58611289	FK253767	Heat shock cognate Hsp70	
USD-621	0.164	0.00363	-4.03563	-1.4992	-1.256298	58611393	FK253871	unknown	
USD-762	0.179	0.004217	-3.92967	-1.6329	-1.669543	58611531	FK254009	unknown	
USD-13	0.179	0.005084	3.79901	-1.8003	0.965895	58610902	FK253380	unknown	
USD-99	0.179	0.005157	3.78908	-1.8132	1.427174	NA		unknown	-- unknown clone: USD-99
USD-726	0.179	0.005619	-3.7297	-1.8903	-1.706065	NA		unknown	-- unknown clone: USD-726
USD-233	0.179	0.005651	-3.72586	-1.8953	-1.741188	58611008	FK253486	serine/threonine-protein kinase-like -protein	
USD-574	0.179	0.005725	-3.71682	-1.9071	-1.480188	58611350	FK253828	unknown	
USD-169	0.179	0.005751	3.71375	-1.9111	1.170983	58610946	FK253424	unknown	
USD-560	0.179	0.005829	3.70447	-1.9232	1.339379	58611338	FK253816	unknown	
USD-376	0.184	0.006262	3.65534	-1.9877	1.084104	58611155	FK253633	unknown	
USD-534	0.196	0.006922	-3.58686	-2.0781	-1.958208	58611312	FK253790	unknown	
USD-732	0.197	0.00756	3.52701	-2.1578	1.265246	58611503	FK253981	unknown	
USD-555	0.197	0.007668	3.51741	-2.1706	1.084837	58611333	FK253811	unknown	
USD-227	0.197	0.007714	3.51338	-2.176	1.183506	58611000	FK253478	unknown	
USD-328	0.201	0.008303	3.46372	-2.2425	1.252074	58611107	FK253585	unknown	
USD-212	0.201	0.008593	3.44066	-2.2736	0.98124	58610984	FK253462	unknown	
USD-284	0.201	0.008854	3.42055	-2.3007	1.691386	58611064	FK253542	unknown	
USD-586	0.201	0.009005	-3.40924	-2.316	-1.173188	NA		unknown	-- unknown clone: USD-586
USD-186	0.201	0.009344	-3.38452	-2.3494	-1.649182	58610960	FK253438	serine carboxypeptidase	
USD-389	0.201	0.00946	-3.37626	-2.3606	-1.680195	58611167	FK253645	unknown	
USD-525	0.201	0.009702	-3.35939	-2.3835	-1.103533	58611303	FK253781	unknown	
USD-464	0.205	0.010158	-3.32879	-2.4251	-1.133646	58611243	FK253721	hypothetical protein	
USD-326	0.205	0.010449	3.31002	-2.4508	0.917851	58611105	FK253583	unknown	
USD-247	0.224	0.011689	3.23565	-2.5526	0.823323	58611024	FK253502	unknown	
USD-28	0.228	0.012423	3.19549	-2.6078	1.162576	58611059	FK253537	unknown	
USD-267	0.228	0.012571	3.1877	-2.6186	1.066338	58611045	FK253523	unknown	
USD-507	0.228	0.012851	3.17318	-2.6386	0.970312	58611284	FK253762	unknown	
USD-94	0.228	0.013229	3.15416	-2.6649	1.08067	NA		unknown	-- unknown clone: USD-94
USD-250	0.228	0.013411	3.14515	-2.6774	0.84919	58611027	FK253505	unknown	
USD-632	0.233	0.013974	-3.1182	-2.7147	-1.823083	58611406	FK253884	unknown	
USD-145	0.233	0.014399	3.09859	-2.7419	0.990283	58610919	FK253397	unknown	
USD-653	0.233	0.014618	3.0887	-2.7557	0.951732	58611427	FK253905	unknown	
USD-304	0.238	0.015204	3.063	-2.7914	0.821253	58611083	FK253561	unknown	
USD-436	0.242	0.015919	-3.03306	-2.8331	-1.393383	NA		unknown	-- unknown clone: USD-436
USD-381	0.242	0.01649	3.01011	-2.8652	0.781289	58611161	FK253639	unknown	
USD-685	0.242	0.016652	3.00374	-2.8741	0.871868	58611456	FK253934	chalcone synthase	
USD-295	0.242	0.016956	2.992	-2.8905	0.982957	58611074	FK253552	unknown	
USD-76	0.242	0.017258	2.98052	-2.9066	0.828731	58611528	FK254006	unknown	
USD-592	0.242	0.017578	2.9686	-2.9232	1.187374	58611365	FK253843	unknown	
USD-630	0.242	0.017671	-2.96517	-2.9281	-2.015593	58611404	FK253882	rof1 peptidylprolyl isomerase	
USD-487	0.244	0.018141	-2.94812	-2.9519	-1.196335	58611265	FK253743	unknown	
USD-590	0.245	0.018787	-2.92548	-2.9837	-1.672274	58611363	FK253841	unknown	
USD-300	0.245	0.018886	-2.92207	-2.9885	-0.96195	58611079	FK253557	unknown	
USD-215	0.246	0.019647	2.89651	-3.0244	1.042301	58610987	FK253465	unknown	
USD-315	0.246	0.020313	2.87498	-3.0547	0.786073	NA		unknown	-- unknown clone: USD-315
USD-678	0.246	0.020889	-2.85693	-3.0801	-1.457027	NA		unknown	-- unknown clone: USD-678
USD-230	0.246	0.020924	2.85587	-3.0816	0.783363	58611004	FK253482	unknown	
USD-380	0.246	0.021042	2.85222	-3.0867	1.002508	58611160	FK253638	unknown	
USD-77	0.246	0.021363	2.84248	-3.1005	0.797248	58611535	FK254013	unknown	
USD-514	0.246	0.02169	-2.83268	-3.1143	-1.694153	58611291	FK253769	ERD4 early response to dehydration protein	
USD-333	0.246	0.021902	2.82642	-3.1231	0.816157	58611111	FK253589	unknown	
USD-746	0.246	0.021953	2.82493	-3.1252	0.847466	58611516	FK253994	unknown	
USD-278	0.246	0.022187	2.8181	-3.1348	1.17574	58611057	FK253535	unknown	
USD-80	0.246	0.022527	2.80829	-3.1487	0.847227	58611540	FK254018	unknown	
USD-147	0.246	0.023062	2.79322	-3.1699	1.015861	NA		unknown	-- unknown clone: USD-147
USD-31	0.246	0.023432	2.78297	-3.1844	0.942635	58611090	FK253568	unknown	
USD-59	0.246	0.023449	2.78251	-3.1851	1.087015	58611362	FK253840	unknown	
USD-204	0.253	0.025027	2.7407	-3.2442	0.855698	58610976	FK253454	hypothetical protein : y5175_arath protein at5g01750	
USD-180	0.253	0.025172	-2.73698	-3.2494	-1.016304	58610955	FK253433	light-harvesting chlorophyll a/b-binding protein	
USD-275	0.253	0.025198	-2.73634	-3.2503	-0.95661	58611054	FK253532	16kDa membrane protein	
USD-351	0.253	0.025446	2.73004	-3.2592	1.047054	NA		unknown	-- unknown clone: USD-351
USD-155	0.254	0.025824	2.72058	-3.2726	0.753486	58610929	FK253407	unknown	
USD-320	0.254	0.026206	2.71117	-3.2859	0.753773	NA		unknown	-- unknown clone: USD-320
USD-171	0.255	0.02664	2.70065	-3.3008	0.696446	58610948	FK253426	unknown	
USD-606	0.256	0.027409	-2.68244	-3.3266	-1.246423	NA		unknown	-- unknown clone: USD-606
USD-87	0.256	0.027431	2.68192	-3.3273	1.091922	58611547	FK254025	unknown	
USD-102	0.258	0.028223	2.66371	-3.3531	1.188339	58610877	FK253355	lactoylglutathione lyase family protein	
USD-761	0.258	0.028302	-2.66191	-3.3557	-1.60769	58611530	FK254008	unknown	
USD-467	0.264	0.029253	-2.6408	-3.3856	-2.120008	58611246	FK253724	unknown	
USD-563	0.273	0.030662	-2.61073	-3.4282	-0.746513	58611339	FK253817	unknown	
USD-383	0.273	0.031041	2.60288	-3.4393	0.686101	58611163	FK253641	unknown	
USD-288	0.286	0.032854	2.56666	-3.4906	0.686246	58611068	FK253546	unknown	
USD-539	0.287	0.033557	-2.55316	-3.5098	-0.887951	58611317	FK253795	trehalase	
USD-231	0.287	0.033767	2.54919	-3.5154	1.012133	58611005	FK253483	rehydrin Tr-288	
USD-686	0.293	0.035097	-2.52457	-3.5503	-2.421241	58611457	FK253935	unknown	
USD-694	0.293	0.035814	-2.51167	-3.5685	-1.376226	58611465	FK253943	unknown	
USD-217	0.293	0.036061	2.5073	-3.5747	0.766618	58610989	FK253467	unknown	
USD-64	0.293	0.036137	2.50595	-3.5766	0.84846	58611414	FK253892	unknown	
USD-360	0.293	0.036784	2.49465	-3.5926	0.931921	58611140	FK253618	unknown	
USD-163	0.293	0.037216	2.48722	-3.6032	1.146202	58610938	FK253416	unknown	
USD-497	0.293	0.037315	-2.48553	-3.6055	-1.084894	58611275	FK253753	unknown	
USD-73	0.293	0.037453	2.48317	-3.6089	0.931285	58611500	FK253978	unknown	
USD-477	0.304	0.039501	2.44929	-3.6568	0.900956	58611254	FK253732	unknown	
USD-459	0.304	0.039737	2.4455	-3.6622	0.584185	58611236	FK253714	unknown	
USD-578	0.306	0.040371	-2.43542	-3.6765	-1.767689	58611352	FK253830	trehalase	
USD-91	0.306	0.040813	2.42849	-3.6863	0.882777	58611550	FK254028	unknown	
USD-188	0.309	0.041587	-2.41653	-3.7032	-1.004917	NA		unknown	-- unknown clone: USD-188
USD-185	0.309	0.041971	2.4107	-3.7114	0.817355	NA		unknown	-- unknown clone: USD-185
USD-93	0.31	0.042553	2.40193	-3.7238	0.850871	58611552	FK254030	unknown	
USD-717	0.313	0.043709	2.38488	-3.7479	0.800587	58611488	FK253966	unknown	
USD-495	0.313	0.043913	-2.38191	-3.7521	-0.942525	58611273	FK253751	unknown	
USD-491	0.313	0.04422	2.37748	-3.7583	0.888876	58611269	FK253747	phenylalanine ammonia-lyase	
USD-596	0.313	0.044529	-2.37306	-3.7646	-1.324694	58611368	FK253846	unknown	
USD-410	0.319	0.046049	2.3517	-3.7947	0.807186	NA		unknown	-- unknown clone: USD-410
USD-30	0.319	0.04624	2.34907	-3.7984	0.589769	58611078	FK253556	aldehyde dehydrogenase Aldh21A1from Tortula ruralis	
USD-121	0.326	0.047625	-2.33031	-3.8249	-1.205681	NA		unknown	-- unknown clone: USD-121
USD-591	0.336	0.049605	-2.30439	-3.8613	-0.925824	58611364	FK253842	plastocyanin docking protein PSI subunit III	
USD-348	0.341	0.05075	2.28987	-3.8818	0.822465	58611125	FK253603	unknown	
USD-156	0.351	0.053005	-2.26221	-3.9206	-1.083921	58610930	FK253408	chloroplast carbonic anhydrase precursor	
USD-307	0.351	0.053195	-2.25992	-3.9238	-0.808764	58611087	FK253565	unknown	
USD-651	0.351	0.053984	2.25056	-3.9369	1.078598	58611425	FK253903	unknown	
USD-136	0.351	0.054042	2.24987	-3.9379	0.811576	58610908	FK253386	unknown	
USD-640	0.351	0.05468	-2.2424	-3.9484	-1.151037	58611415	FK253893	unknown	
USD-347	0.351	0.055063	2.23796	-3.9546	1.51643	58611124	FK253602	unknown	
USD-719	0.351	0.055465	2.23333	-3.9611	0.733988	58611490	FK253968	unknown	
USD-154	0.355	0.056531	2.22121	-3.978	0.865021	58610928	FK253406	dehydroascorbate reductase	
USD-291	0.358	0.058826	2.19586	-4.0135	0.691981	58611072	FK253550	unknown	
USD-398	0.358	0.059366	-2.19003	-4.0216	-1.046099	58611175	FK253653	unknown	
USD-8	0.358	0.059418	2.18948	-4.0224	0.679978	58611539	FK254017	unknown	
USD-286	0.358	0.05966	2.18689	-4.026	0.766346	58611066	FK253544	unknown	
USD-481	0.358	0.059849	-2.18487	-4.0288	-0.526178	58611259	FK253737	unknown	
USD-664	0.358	0.059903	-2.1843	-4.0296	-1.117336	58611437	FK253915	unknown	
USD-297	0.361	0.060847	2.17434	-4.0435	1.000836	58611075	FK253553	unknown	
USD-667	0.368	0.062452	-2.15774	-4.0666	-0.613518	58611440	FK253918	chitinase 134	
USD-344	0.37	0.063665	2.14547	-4.0837	0.797098	58611122	FK253600	unknown	
USD-164	0.37	0.063678	2.14533	-4.0838	0.790047	NA		unknown	-- unknown clone: USD-164
USD-581	0.377	0.065384	-2.12846	-4.1073	-0.823208	58611356	FK253834	unknown	
USD-449	0.377	0.065989	-2.12259	-4.1154	-1.937991	58611225	FK253703	unknown	
USD-439	0.426	0.07515	2.03947	-4.2301	0.539587	58611215	FK253693	unknown	
USD-322	0.433	0.076862	2.02504	-4.2499	1.114561	58611103	FK253581	unknown	
USD-354	0.433	0.077448	-2.02017	-4.2566	-2.440039	58611133	FK253611	putative ethanolamine kinase 1 : choline kinase	
USD-523	0.446	0.080297	-1.997	-4.2883	-2.662412	58611301	FK253779	unknown	
USD-432	0.454	0.082377	-1.98058	-4.3107	-0.768959	58611209	FK253687	unknown	
USD-465	0.469	0.085798	1.95442	-4.3463	0.878209	58611244	FK253722	unknown	
USD-693	0.47	0.086554	-1.94878	-4.3539	-0.611432	58611464	FK253942	Low temperature-induced protein	
USD-579	0.474	0.087788	-1.93966	-4.3663	-0.584823	58611353	FK253831	unknown	
USD-470	0.489	0.092419	-1.90652	-4.411	-3.486012	58611250	FK253728	unknown	
USD-408	0.489	0.092515	-1.90585	-4.4119	-1.812479	58611185	FK253663	oligopeptide transporter family: iron transport protein 2	
USD-711	0.489	0.092646	1.90494	-4.4131	0.651547	58611483	FK253961	lipoxygenase-1	
USD-612	0.493	0.093903	-1.89624	-4.4248	-1.880944	58611384	FK253862	unknown	
USD-274	0.499	0.095776	1.88347	-4.442	1.06496	58611053	FK253531	early light-inducible protein ELIPA	
USD-723	0.502	0.097012	1.87518	-4.4531	0.473015	58611495	FK253973	unknown	
USD-658	0.502	0.097718	-1.87049	-4.4594	-1.412223	58611432	FK253910	Thioredoxin H-type (TRX-H) protein	
USD-600	0.503	0.098462	-1.86558	-4.4659	-2.15986	58611372	FK253850	unknown	
USD-183	0.504	0.099366	1.85967	-4.4738	0.815631	58610958	FK253436	unknown	
USD-396	0.519	0.103064	1.83598	-4.5054	0.835383	58611173	FK253651	unknown	
USD-141	0.526	0.105089	1.82335	-4.5222	0.42591	58610915	FK253393	phosphatidylethanolamine-binding factor - cold regulated	
USD-176	0.529	0.106314	1.81581	-4.5321	1.101934	58610952	FK253430	unknown protein	
USD-637	0.534	0.10905	-1.79929	-4.554	-0.769852	58611411	FK253889	12-oxophytodienoate reductase opr2	
USD-565	0.534	0.109327	1.79763	-4.5562	0.587713	58611341	FK253819	3-deoxy-d-arabino-heptulosonate 7-phosphate synthase	
USD-461	0.534	0.110207	1.79241	-4.563	0.707552	58611240	FK253718	unknown	
USD-205	0.534	0.110978	1.78787	-4.569	0.415371	58610977	FK253455	peroxisomal membrane 22 kDa family	
USD-33	0.534	0.111048	1.78746	-4.5696	1.061178	58611109	FK253587	unknown	
USD-174	0.534	0.111629	1.78406	-4.574	0.90674	58610950	FK253428	fasciclin-like protein precursor	
USD-318	0.535	0.113483	1.77332	-4.5881	0.482222	58611098	FK253576	unknown	
USD-516	0.535	0.11406	-1.77001	-4.5925	-2.330538	58611293	FK253771	unknown	
USD-752	0.535	0.114299	1.76864	-4.5943	0.996776	58611520	FK253998	unknown	
USD-425	0.535	0.114487	1.76757	-4.5957	0.727197	58611201	FK253679	hypothetical protein	
USD-476	0.54	0.116385	1.75683	-4.6097	0.805965	NA		unknown	-- unknown clone: USD-476
USD-226	0.542	0.118155	1.74695	-4.6226	0.711326	58610999	FK253477	unknown	
USD-702	0.542	0.118183	1.7468	-4.6228	0.568494	58611474	FK253952	unknown	
USD-611	0.559	0.122966	-1.72081	-4.6566	-0.852805	58611383	FK253861	unknown	
USD-340	0.559	0.124383	-1.71329	-4.6663	-3.657261	58611119	FK253597	predicted protein: hydrophobin	
USD-528	0.559	0.124804	-1.71107	-4.6692	-0.536934	58611306	FK253784	3-deoxy-d-arabino-heptulosonate 7-phosphate synthase	
USD-394	0.559	0.125217	1.7089	-4.672	0.84678	58611172	FK253650	at5g45690 mra19_8	
USD-738	0.559	0.12766	-1.6962	-4.6884	-3.474128	58611508	FK253986	unknown	
USD-269	0.559	0.12781	1.69543	-4.6894	0.520279	58611047	FK253525	NRK1 MAPK	
USD-433	0.559	0.128377	-1.69252	-4.6931	-0.655751	58611210	FK253688	ysl transporter	
USD-218	0.559	0.128449	1.69214	-4.6936	0.626128	58610990	FK253468	zinc finger (C3HC4-type RING finger- family)	
USD-335	0.559	0.128967	1.6895	-4.697	0.616825	58611113	FK253591	unknown	
USD-166	0.559	0.129181	-1.6884	-4.6984	-0.741627	58610942	FK253420	unknown	
USD-4	0.569	0.132128	1.67354	-4.7175	0.539942	NA		unknown	-- unknown clone: USD-4
USD-620	0.576	0.13468	-1.66091	-4.7336	-1.079889	58611392	FK253870	unknown	
USD-40	0.579	0.136082	1.65407	-4.7423	0.815932	58611177	FK253655	unknown	
USD-462	0.581	0.137723	-1.64614	-4.7524	-0.782714	58611241	FK253719	glyceraldehyde-3-phosphate dehydrogenase	
USD-489	0.581	0.138114	1.64426	-4.7548	0.504576	58611267	FK253745	unknown	
USD-37	0.582	0.139443	1.63792	-4.7629	0.830144	58611150	FK253628	unknown	
USD-282	0.582	0.140228	1.6342	-4.7676	0.575136	58611062	FK253540	senescence-associated : 60s ribosomal protein l5	
USD-56	0.582	0.140741	1.63178	-4.7706	0.501597	58611337	FK253815	unknown	
USD-692	0.582	0.141684	-1.62736	-4.7762	-1.144749	58611463	FK253941	unknown	
USD-473	0.582	0.142584	1.62315	-4.7816	0.655395	NA		unknown	-- unknown clone: USD-473
USD-238	0.582	0.142991	1.62126	-4.7839	0.378315	NA		unknown	-- unknown clone: USD-238
USD-181	0.582	0.14348	1.619	-4.7868	0.618646	58610956	FK253434	unknown	
USD-666	0.586	0.147025	1.60277	-4.8072	0.678906	58611439	FK253917	unknown	
USD-85	0.586	0.148141	1.59774	-4.8135	0.618067	58611545	FK254023	unknown	
USD-522	0.586	0.148473	1.59625	-4.8154	0.518272	58611300	FK253778	unknown	
USD-515	0.586	0.148812	1.59473	-4.8173	0.564407	58611292	FK253770	unknown	
USD-21	0.586	0.148958	1.59407	-4.8181	0.888714	58610980	FK253458	bdn1	
USD-669	0.586	0.14906	-1.59362	-4.8187	-0.89184	58611441	FK253919	unknown	
USD-122	0.586	0.149893	1.5899	-4.8233	2.041047	58610895	FK253373	unknown	
USD-758	0.593	0.152669	-1.57766	-4.8386	-1.779488	58611526	FK254004	YSL7 (Yellow Stripe Like 7); oligopeptide transporter	
USD-757	0.593	0.153406	1.57444	-4.8426	0.488784	58611525	FK254003	unknown	
USD-635	0.595	0.156515	1.56102	-4.8593	0.443674	58611409	FK253887	unknown	
USD-306	0.595	0.156736	1.56008	-4.8604	0.745524	NA		unknown	-- unknown clone: USD-306
USD-751	0.595	0.156829	1.55968	-4.8609	0.549456	58611519	FK253997	unknown	
USD-252	0.595	0.157129	1.55841	-4.8625	0.982577	58611029	FK253507	unknown	
USD-311	0.595	0.157697	1.55599	-4.8655	0.508259	NA		unknown	-- unknown clone: USD-311
USD-754	0.599	0.159691	-1.54757	-4.8759	-1.726839	58611522	FK254000	unknown	
USD-655	0.599	0.160794	1.54295	-4.8816	0.43765	58611429	FK253907	unknown	
USD-248	0.599	0.161088	1.54172	-4.8831	0.680666	58611025	FK253503	hypothetical protein	
USD-79	0.599	0.161787	1.53881	-4.8867	0.84424	NA		unknown	-- unknown clone: USD-79
USD-699	0.605	0.164206	-1.52884	-4.8989	-0.481199	58611469	FK253947	unknown	
USD-479	0.608	0.166992	-1.51751	-4.9128	-0.962825	58611256	FK253734	unknown	
USD-597	0.608	0.167075	-1.51718	-4.9132	-0.804577	58611369	FK253847	unknown	
USD-554	0.608	0.167564	1.51521	-4.9156	0.609288	58611332	FK253810	unknown	
USD-457	0.622	0.172548	1.49542	-4.9396	0.371842	58611234	FK253712	unknown	
USD-113	0.622	0.173012	1.49361	-4.9418	0.408564	58610887	FK253365	AWPM-19-like membrane family protein	
USD-390	0.624	0.174309	-1.48855	-4.948	-0.616309	NA		unknown	-- unknown clone: USD-390
USD-116	0.63	0.179971	1.46688	-4.974	0.367941	58610889	FK253367	60S ribosomal protein L27a	
USD-38	0.63	0.1801	-1.46639	-4.9746	-1.081586	58611159	FK253637	senescence-associated protein 12	
USD-150	0.63	0.1811	1.46262	-4.9791	0.510563	58610924	FK253402	hydrolase, alpha/beta fold family protein	
USD-660	0.63	0.181105	-1.46261	-4.9792	-0.753859	NA		unknown	-- unknown clone: USD-660
USD-130	0.63	0.181355	1.46167	-4.9803	0.621933	58610903	FK253381	unknown	
USD-626	0.63	0.181458	-1.46128	-4.9807	-1.440418	58611398	FK253876	unknown	
USD-207	0.63	0.181989	1.4593	-4.9831	0.457482	58610979	FK253457	unknown	
USD-406	0.63	0.182522	-1.45731	-4.9855	-1.712118	58611183	FK253661	12-oxo-phytodienoic acid reductase	
USD-358	0.631	0.184381	-1.45041	-4.9937	-0.373546	58611137	FK253615	unknown	
USD-595	0.631	0.184587	-1.44965	-4.9946	-1.351763	58611367	FK253845	unknown	
USD-220	0.642	0.188586	1.43502	-5.012	0.50434	58610993	FK253471	unknown	
USD-588	0.642	0.189489	-1.43176	-5.0159	-0.512381	NA		unknown	-- unknown clone: USD-588
USD-339	0.647	0.19182	-1.4234	-5.0257	-0.492005	58611117	FK253595	unknown	
USD-652	0.647	0.193106	-1.41882	-5.0311	-0.672986	58611426	FK253904	heavy meromyosin-like protein	
USD-48	0.647	0.193426	-1.41769	-5.0325	-0.462229	58611257	FK253735	phospholipase D delta isoform 1a	
USD-327	0.649	0.195642	1.40987	-5.0416	0.543787	58611106	FK253584	unknown	
USD-422	0.649	0.195642	1.40987	-5.0416	0.901774	58611199	FK253677	(S)-2-hydroxy-acid oxidase, glycolate oxidase	
USD-235	0.649	0.19656	-1.40666	-5.0454	-0.606573	58611010	FK253488	BRO-1 domain protein (endosome targeting)	
USD-251	0.653	0.198685	1.39927	-5.054	0.412311	58611028	FK253506	unknown	
USD-680	0.66	0.20168	-1.38897	-5.066	-0.561807	58611558	FK254036	unknown	
USD-270	0.66	0.202358	1.38666	-5.0687	1.015818	58611049	FK253527	unknown	
USD-722	0.66	0.203879	1.3815	-5.0747	1.063071	58611494	FK253972	unknown	
USD-756	0.66	0.206083	-1.37407	-5.0833	-1.458502	58611524	FK254002	unknown	
USD-583	0.66	0.206516	-1.37262	-5.085	-0.848478	58611358	FK253836	unknown	
USD-443	0.66	0.206594	-1.37236	-5.0853	-0.320764	58611220	FK253698	unknown	
USD-559	0.66	0.208745	-1.3652	-5.0935	-0.381178	58611336	FK253814	FIP1 (FH Interacting Protein 1)	
USD-337	0.66	0.209131	1.36392	-5.095	0.444584	58611115	FK253593	unknown	
USD-677	0.66	0.211073	-1.35752	-5.1024	-0.605459	58611449	FK253927	unknown	
USD-262	0.66	0.211298	-1.35678	-5.1032	-1.332028	58611040	FK253518	unknown	
USD-622	0.66	0.211363	1.35656	-5.1035	0.43511	58611394	FK253872	enoyl-hydratase isomerase family protein	
USD-670	0.66	0.211642	-1.35565	-5.1045	-0.689145	58611443	FK253921	unknown	
USD-718	0.66	0.212141	-1.35402	-5.1064	-0.640022	58611489	FK253967	unknown	
USD-446	0.66	0.214303	1.34698	-5.1144	0.609883	58611222	FK253700	fasciclin-like protein precursor	
USD-633	0.66	0.214651	-1.34585	-5.1157	-0.335475	58611407	FK253885	hypothetical protein:leucine zipper-containing protein	
USD-330	0.66	0.215342	-1.34362	-5.1182	-0.59781	58611110	FK253588	Pirin-like protein	
USD-452	0.66	0.215879	-1.34189	-5.1202	-0.474623	58611229	FK253707	unknown	
USD-365	0.66	0.216323	1.34046	-5.1218	0.48458	NA		unknown	-- unknown clone: USD-365
USD-134	0.66	0.218323	1.33405	-5.1291	0.851803	58610906	FK253384	unknown	
USD-605	0.66	0.218468	1.33359	-5.1296	0.575951	58611377	FK253855	NtermTM-C2Type1.2 protein clb1	
USD-159	0.66	0.218756	1.33267	-5.1307	0.31237	58610933	FK253411	transmembrane bax inhibitor motif-containing protein 4	
USD-177	0.665	0.221299	1.32461	-5.1398	0.448468	NA		unknown	-- unknown clone: USD-177
USD-431	0.665	0.223375	-1.31809	-5.1472	-0.381504	58611208	FK253686	unknown	
USD-542	0.665	0.223377	-1.31809	-5.1472	-1.081078	58611321	FK253799	protein phosphatase 2C	
USD-401	0.665	0.224563	-1.31438	-5.1513	-1.260528	58611179	FK253657	unknown	
USD-764	0.665	0.224911	1.3133	-5.1526	0.298736	58611532	FK254010	unknown	
USD-60	0.673	0.228318	-1.30277	-5.1644	-1.093219	58611371	FK253849	unknown	
USD-160	0.678	0.230874	1.29496	-5.1731	0.690921	58610935	FK253413	F6 cell death-regulatory protein grim19	
USD-29	0.684	0.235334	-1.2815	-5.188	-0.34587	58611070	FK253548	unknown	
USD-219	0.684	0.235968	1.27961	-5.1901	0.406918	58610991	FK253469	60s ribosomal protein l37	
USD-474	0.684	0.23674	1.2773	-5.1926	0.406413	NA		unknown	-- unknown clone: USD-474
USD-488	0.684	0.23734	-1.27552	-5.1946	-0.52845	58611266	FK253744	unknown	
USD-569	0.684	0.238131	1.27317	-5.1972	0.43085	58611345	FK253823	keratinocytes proline-rich protein	
USD-550	0.684	0.23918	-1.27007	-5.2006	-0.872683	58611329	FK253807	unknown	
USD-572	0.684	0.239294	1.26973	-5.201	0.568583	NA		unknown	-- unknown clone: USD-572
USD-395	0.687	0.241152	1.26427	-5.207	0.502747	NA		unknown	-- unknown clone: USD-395
USD-193	0.688	0.243844	1.25641	-5.2156	0.870385	58610966	FK253444	unknown	
USD-137	0.688	0.244281	1.25514	-5.217	0.481372	58610909	FK253387	unknown	
USD-618	0.688	0.244664	-1.25403	-5.2182	-1.496258	58611389	FK253867	unknown	
USD-688	0.688	0.24568	-1.25109	-5.2214	-0.665103	58611459	FK253937	unknown	
USD-195	0.688	0.246077	1.24995	-5.2226	0.432183	58610968	FK253446	unknown	
USD-524	0.688	0.247093	1.24702	-5.2258	0.542459	58611302	FK253780	unknown	
USD-67	0.691	0.248915	1.2418	-5.2315	0.464097	58611442	FK253920	hypothetical protein: Phosphate acyltransferases (Tafazzin)	
USD-519	0.691	0.251211	-1.23527	-5.2386	-0.889057	58611296	FK253774	voltage-dependent anion-selective channel protein hsr2	
USD-484	0.691	0.252706	-1.23105	-5.2431	-1.441375	58611262	FK253740	unknown	
USD-366	0.691	0.253695	1.22826	-5.2461	0.680737	58611146	FK253624	unknown	
USD-634	0.691	0.254633	-1.22563	-5.2489	-0.773676	58611408	FK253886	unknown	
USD-149	0.691	0.255288	1.22379	-5.2509	0.292013	NA		unknown	-- unknown clone: USD-149
USD-512	0.691	0.255533	1.22311	-5.2517	0.484544	58611290	FK253768	unknown	
USD-310	0.691	0.258413	-1.2151	-5.2602	-0.965935	58611091	FK253569	unknown	
USD-556	0.691	0.259195	1.21294	-5.2625	0.4727	58611334	FK253812	unknown	
USD-403	0.691	0.260662	-1.2089	-5.2668	-0.92601	58611180	FK253658	unknown	
USD-721	0.691	0.261233	-1.20733	-5.2685	-0.322738	58611493	FK253971	unknown	
USD-598	0.691	0.261449	-1.20674	-5.2691	-1.516351	NA		unknown	-- unknown clone: USD-598
USD-747	0.691	0.261508	1.20657	-5.2693	0.848443	NA		unknown	-- unknown clone: USD-747
USD-413	0.691	0.261836	1.20568	-5.2703	0.382189	58611190	FK253668	unknown	
USD-450	0.691	0.262249	-1.20455	-5.2715	-1.284938	58611227	FK253705	hypothetical protein  at5g13610 msh12_7	
USD-657	0.691	0.263042	-1.20238	-5.2738	-0.450098	58611431	FK253909	unknown	
USD-189	0.691	0.263501	1.20113	-5.2751	0.428107	58610962	FK253440	translation elongation factor-1 alpha	
USD-767	0.694	0.265443	-1.19586	-5.2807	-0.355214	NA		unknown	-- unknown clone: USD-767
USD-503	0.694	0.26681	1.19216	-5.2846	0.469311	58611280	FK253758	unknown	
USD-749	0.694	0.267224	1.19105	-5.2858	1.495996	NA		unknown	-- unknown clone: USD-749
USD-43	0.695	0.268641	1.18724	-5.2898	0.360918	58611206	FK253684	unknown	
USD-342	0.695	0.270292	1.18282	-5.2944	0.469706	NA		unknown	-- unknown clone: USD-342
USD-724	0.695	0.270397	-1.18254	-5.2947	-0.89941	NA		unknown	-- unknown clone: USD-724
Tr-cpk	0.697	0.272015	-1.17824	-5.2992	-1.420629	NA	U82087	T. ruralis calmodulin-like domain protein kinase	
USD-387	0.703	0.275226	-1.16976	-5.3081	-0.528459	58611165	FK253643	hypothetical protein Cell surface protein	
USD-54	0.709	0.278636	-1.16084	-5.3173	-0.82315	58611318	FK253796	2-oxoisovalerate dehydrogenase alphamitochondrial expressed	
USD-728	0.725	0.285959	-1.14198	-5.3367	-1.311767	58611498	FK253976	Luminal-binding protein 3 (BiP 3)	
USD-421	0.726	0.289498	-1.133	-5.3459	-1.288243	58611198	FK253676	succinate dehydrogenase flavoprotein subunit	
USD-551	0.726	0.289845	1.13213	-5.3468	1.741755	58611330	FK253808	phosphoribosylaminoimidazolecarboxamide formyltransferase imp cyclohydrolase	
USD-662	0.726	0.290082	-1.13153	-5.3474	-0.473587	58611436	FK253914	unknown	
USD-616	0.726	0.290194	-1.13125	-5.3477	-1.477186	58611388	FK253866	unknown	
USD-106	0.726	0.291008	-1.1292	-5.3498	-0.996252	58610879	FK253357	YebC-related	
USD-179	0.727	0.293758	1.12231	-5.3568	0.383776	58610953	FK253431	unknown	
USD-139	0.727	0.294921	1.11942	-5.3597	0.280489	58610911	FK253389	Ribosomal protein L34e	
USD-210	0.727	0.296027	1.11667	-5.3625	0.332111	58610981	FK253459	unknown	
USD-345	0.727	0.296203	1.11624	-5.3629	0.511239	58611123	FK253601	unknown	
USD-576	0.727	0.29716	-1.11387	-5.3653	-0.40516	NA		unknown	-- unknown clone: USD-576
USD-469	0.727	0.29778	-1.11234	-5.3668	-1.708716	58611248	FK253726	Map kinase activating protein	
USD-386	0.727	0.297894	-1.11206	-5.3671	-1.239174	58611164	FK253642	unknown	
USD-442	0.727	0.298903	-1.10957	-5.3696	-1.347483	58611219	FK253697	unknown	
USD-744	0.733	0.302758	-1.10014	-5.379	-0.925795	58611514	FK253992	unknown	
USD-293	0.733	0.303368	1.09865	-5.3805	0.572158	NA		unknown	-- unknown clone: USD-293
USD-332	0.735	0.304925	1.09487	-5.3843	0.423632	NA		unknown	-- unknown clone: USD-332
USD-128	0.735	0.307004	-1.08985	-5.3892	-0.954708	58610900	FK253378	unknown	
USD-589	0.735	0.307782	-1.08798	-5.3911	-0.764801	58611361	FK253839	unknown	
USD-731	0.735	0.308311	1.08671	-5.3924	0.409186	58611502	FK253980	unknown	
USD-143	0.735	0.308859	1.0854	-5.3937	0.363604	58610917	FK253395	unknown	
USD-451	0.736	0.310547	-1.08136	-5.3976	-1.011868	58611228	FK253706	unknown	
USD-567	0.738	0.312936	-1.07567	-5.4032	-1.15783	58611343	FK253821	unknown	
USD-733	0.738	0.313232	1.07497	-5.4039	0.690009	NA		unknown	-- unknown clone: USD-733
S16	0.738	0.314226	1.07262	-5.4062	0.491125	NA	AF108725	T. ruralis ribosomal protein S16	
USD-391	0.743	0.317296	-1.06539	-5.4133	-0.795119	58611169	FK253647	unknown	
USD-517	0.744	0.318749	-1.06198	-5.4166	-0.27606	58611294	FK253772	unknown	
USD-12	0.751	0.32241	1.05346	-5.4248	0.639302	58610893	FK253371	unknown	
USD-716	0.753	0.324518	-1.04859	-5.4295	-0.997783	58611487	FK253965	ATP-grasp domsain protein	
USD-584	0.758	0.32833	-1.03984	-5.4379	-0.287796	58611359	FK253837	unknown	
USD-735	0.758	0.328344	-1.0398	-5.438	-0.343148	58611505	FK253983	glutamate decarboxylase	
USD-18	0.764	0.332134	-1.03118	-5.4462	-1.029116	58610954	FK253432	unknown	
USD-329	0.765	0.333897	-1.0272	-5.45	-0.954563	58611108	FK253586	putative serine decarboxylase	
USD-285	0.765	0.336106	1.02223	-5.4547	0.64245	58611065	FK253543	hypothetical protein: y5175_arath protein at5g01750	
USD-44	0.765	0.336259	1.02189	-5.455	0.348849	58611216	FK253694	unknown	
USD-750	0.765	0.340281	-1.0129	-5.4635	-0.472603	58611518	FK253996	unknown	
USD-676	0.765	0.340613	-1.01216	-5.4641	-0.657096	58611448	FK253926	unknown	
USD-411	0.765	0.341467	-1.01027	-5.4659	-0.30176	58611188	FK253666	gram domain-containing protein aba-responsive	
USD-610	0.765	0.342527	1.00792	-5.4681	0.681913	58611382	FK253860	unknown	
USD-759	0.765	0.342724	1.00749	-5.4685	0.307758	58611527	FK254005	unknown	
USD-123	0.765	0.344038	1.00458	-5.4712	0.320603	58610896	FK253374	small hydrophobic protein 1	
USD-142	0.765	0.344112	-1.00442	-5.4714	-0.511217	58610916	FK253394	unknown	
USD-175	0.765	0.344128	-1.00439	-5.4714	-0.244257	58610951	FK253429	unknown	
USD-753	0.765	0.344751	1.00301	-5.4727	0.357328	58611521	FK253999	unknown	
USD-593	0.766	0.346226	-0.99977	-5.4757	-0.371125	NA		unknown	-- unknown clone: USD-593
USD-437	0.766	0.34707	-0.99792	-5.4774	-1.173864	58611213	FK253691	unknown	
S3	0.768	0.349079	-0.99353	-5.4815	-0.262922	NA	AF093109	T. ruralis ribosomal protein S3	
USD-201	0.769	0.351073	0.98919	-5.4855	0.739009	58610974	FK253452	unknown	
USD-280	0.769	0.351297	0.98871	-5.4859	0.439732	58611060	FK253538	unknown	
USD-228	0.77	0.352752	0.98555	-5.4888	0.344719	58611001	FK253479	60S ribosomal protein L10A	
USD-110	0.772	0.354766	0.98121	-5.4928	0.623117	58610884	FK253362	polyamine oxidase	
USD-405	0.774	0.356623	-0.97722	-5.4965	-0.651059	58611182	FK253660	ABA-responsive protein, putative: fh protein interacting protein fip1	
USD-388	0.775	0.358427	-0.97335	-5.5	-0.653347	58611166	FK253644	unknown	
USD-532	0.775	0.359659	-0.97072	-5.5024	-1.102511	58611310	FK253788	unknown	
USD-656	0.775	0.360396	-0.96915	-5.5038	-0.544732	58611430	FK253908	unknown	
USD-7	0.777	0.362538	0.9646	-5.5079	0.670495	58611470	FK253948	unknown	
USD-720	0.777	0.365984	-0.95733	-5.5145	-0.929739	58611492	FK253970	unknown	
USD-742	0.777	0.366488	-0.95626	-5.5154	-0.235565	NA		unknown	-- unknown clone: USD-742
USD-216	0.777	0.367015	0.95516	-5.5164	0.359737	58610988	FK253466	glutamate decarboxylase	
USD-466	0.777	0.367815	-0.95348	-5.5179	-0.801372	58611245	FK253723	unknown	
USD-571	0.777	0.36954	0.94987	-5.5211	0.67575	58611348	FK253826	unknown	
USD-482	0.777	0.37005	-0.9488	-5.5221	-0.907185	58611260	FK253738	peroxisomal protein PEX19 family protein	
USD-609	0.777	0.372158	-0.94441	-5.526	-0.918533	58611380	FK253858	unknown	
USD-2	0.777	0.372343	0.94403	-5.5263	0.556369	NA		unknown	-- unknown clone: USD-2
USD-607	0.777	0.372678	0.94333	-5.527	0.648885	58611378	FK253856	unknown	
USD-498	0.777	0.373364	-0.94191	-5.5282	-0.324136	NA		unknown	-- unknown clone: USD-498
USD-644	0.777	0.375164	0.93818	-5.5315	0.368864	58611419	FK253897	unknown	
USD-353	0.777	0.376206	0.93603	-5.5334	0.458034	58611132	FK253610	2-oxoglutarate dehydrogenase, E1 component	
USD-414	0.777	0.376516	-0.93539	-5.534	-0.742349	58611191	FK253669	heat shock protein 90	
USD-117	0.777	0.376716	0.93498	-5.5343	0.625526	58610890	FK253368	hydrolase, alpha/beta fold family protein	
USD-162	0.777	0.377902	-0.93254	-5.5365	-1.018052	58610937	FK253415	hexose transporter	
USD-384	0.777	0.37998	0.92828	-5.5402	0.436017	NA		unknown	-- unknown clone: USD-384
USD-68	0.777	0.380021	-0.9282	-5.5403	-0.267856	58611451	FK253929	unknown	
USD-707	0.777	0.380181	0.92787	-5.5406	0.383687	58611478	FK253956	unknown	
USD-367	0.781	0.384168	-0.91974	-5.5477	-0.244448	58611147	FK253625	hypothetical membrane protein (low complexity)	
USD-485	0.781	0.384199	-0.91968	-5.5477	-1.218284	58611263	FK253741	unknown	
USD-114	0.784	0.387298	0.9134	-5.5532	0.269006	58610888	FK253366	AWPM-19-like membrane family protein	
USD-17	0.784	0.38772	0.91255	-5.5539	0.496373	NA		unknown	-- unknown clone: USD-17
USD-133	0.786	0.389688	-0.90859	-5.5573	-0.291384	58610905	FK253383	mob1/phocein family protein	
USD-22	0.787	0.391463	-0.90503	-5.5604	-1.506949	58610992	FK253470	unknown	
USD-402	0.793	0.397806	-0.8924	-5.5712	-0.328267	NA		unknown	-- unknown clone: USD-402
USD-194	0.793	0.397843	0.89233	-5.5712	0.702961	58610967	FK253445	60S ribosomal protein L38 (RPL38A)	
USD-412	0.793	0.400206	0.88766	-5.5752	0.281995	58611189	FK253667	unknown	
USD-706	0.793	0.400779	0.88653	-5.5762	1.129622	NA		unknown	-- unknown clone: USD-706
USD-493	0.793	0.400897	0.8863	-5.5764	0.57208	58611271	FK253749	unknown	
USD-643	0.793	0.401543	-0.88503	-5.5774	-0.237018	58611418	FK253896	unknown	
USD-49	0.793	0.403587	-0.88101	-5.5808	-0.233669	58611268	FK253746	20S proteasome alpha 6 subunit	
USD-72	0.793	0.403911	-0.88038	-5.5813	-0.594169	58611491	FK253969	unknown	
USD-480	0.793	0.40432	-0.87958	-5.582	-0.666886	58611258	FK253736	unknown	
USD-434	0.793	0.404687	-0.87886	-5.5826	-0.978644	58611211	FK253689	unknown	
USD-240	0.803	0.412668	0.86336	-5.5955	0.5069	58611017	FK253495	unknown	
USD-6	0.803	0.412992	0.86274	-5.596	1.005505	NA		unknown	-- unknown clone: USD-6
USD-294	0.803	0.413127	0.86247	-5.5962	0.391894	NA		unknown	-- unknown clone: USD-294
USD-362	0.803	0.414014	-0.86077	-5.5977	-1.075565	NA		unknown	-- unknown clone: USD-362
USD-601	0.803	0.414909	-0.85904	-5.5991	-0.709263	58611373	FK253851	unknown	
USD-553	0.805	0.417991	0.85314	-5.6039	0.417286	NA		unknown	-- unknown clone: USD-553
USD-100	0.805	0.41888	0.85144	-5.6053	0.408674	58610875	FK253353	4-hydroxyphenylpyruvate dioxigenase	
USD-599	0.805	0.420366	-0.84861	-5.6076	-0.364641	58611370	FK253848	senescence-inducible chloroplast stay-green protein	
USD-5	0.805	0.420542	0.84827	-5.6079	0.249218	58611277	FK253755	unknown	
USD-161	0.813	0.425509	0.83886	-5.6155	0.385437	58610936	FK253414	Lea protein	
USD-303	0.816	0.429004	0.83228	-5.6208	0.222031	58611082	FK253560	unknown	
USD-407	0.816	0.429385	0.83156	-5.6214	0.571842	58611184	FK253662	unknown	
USD-378	0.816	0.430285	0.82988	-5.6227	0.281738	58611157	FK253635	putative Lil3 protein	
USD-638	0.82	0.433527	0.82382	-5.6276	0.529352	58611412	FK253890	D-amino acid oxidase	
USD-314	0.822	0.436636	0.81804	-5.6321	0.274312	NA		unknown	-- unknown clone: USD-314
USD-257	0.822	0.437479	-0.81648	-5.6334	-0.367282	58611034	FK253512	novel member of the keratin associated protein 4family	
USD-86	0.822	0.439179	0.81334	-5.6359	0.246316	58611546	FK254024	unknown	
USD-557	0.822	0.442027	0.80809	-5.64	0.28952	58611335	FK253813	unknown	
USD-41	0.822	0.442167	0.80783	-5.6402	0.395402	NA		unknown	-- unknown clone: USD-41
USD-127	0.822	0.442446	0.80732	-5.6406	0.507035	NA		unknown	-- unknown clone: USD-127
USD-725	0.822	0.442768	-0.80673	-5.641	-0.931209	58611496	FK253974	unknown	
USD-540	0.822	0.443322	-0.80571	-5.6418	-1.122324	58611319	FK253797	unknown	
USD-760	0.826	0.446179	-0.80048	-5.6459	-0.728917	58611529	FK254007	unknown	
USD-324	0.826	0.448415	0.7964	-5.6491	0.558844	NA		unknown	-- unknown clone: USD-324
USD-66	0.826	0.448702	0.79588	-5.6495	0.684358	58611434	FK253912	unknown	
USD-246	0.826	0.450057	0.79341	-5.6514	0.315332	58611023	FK253501	unknown	
USD-124	0.826	0.452787	-0.78846	-5.6552	-0.55204	58610897	FK253375	enhanced disease susceptibility 5	
USD-527	0.826	0.452937	-0.78819	-5.6554	-1.112106	58611305	FK253783	unknown	
USD-268	0.826	0.453434	0.78729	-5.6561	0.461039	58611046	FK253524	unknown	
USD-356	0.826	0.454164	-0.78597	-5.6571	-0.360362	58611135	FK253613	elongation factor 2	
USD-739	0.826	0.455424	0.7837	-5.6588	0.279822	NA		unknown	-- unknown clone: USD-739
USD-168	0.826	0.456406	0.78193	-5.6601	0.368993	NA		unknown	-- unknown clone: USD-168
USD-614	0.829	0.459046	-0.77719	-5.6637	-1.049541	58611386	FK253864	unknown	
USD-427	0.829	0.461107	0.7735	-5.6665	0.430815	58611203	FK253681	unknown	
USD-70	0.829	0.461831	0.77221	-5.6675	0.453629	58611471	FK253949	unknown	
USD-513	0.829	0.463056	-0.77003	-5.6691	-0.666383	NA		unknown	-- unknown clone: USD-513
USD-109	0.829	0.463258	0.76967	-5.6694	0.547206	58610882	FK253360	ATVAMP714 Vesicle-associated membrane protein: synaptobrevin-like	
USD-690	0.833	0.466467	-0.76396	-5.6737	-0.811893	58611462	FK253940	glutathione S-transferase	
Tr-217	0.845	0.475761	0.74759	-5.6858	0.603516	NA		rehydrin	rehydrin
USD-350	0.845	0.477908	0.74383	-5.6885	0.653044	58611128	FK253606	unknown	
USD-190	0.845	0.479786	-0.74056	-5.6909	-0.194475	58610964	FK253442	lactoylglutathione lyase, putative: glyoxylase I	
L17	0.845	0.481677	-0.73727	-5.6933	-0.172489	NA	AF108726	T. ruralis ribosomal protein L17	
USD-273	0.845	0.484511	0.73236	-5.6968	0.313401	58611052	FK253530	unknown	
USD-392	0.845	0.484711	-0.73201	-5.6971	-0.697129	58611170	FK253648	unknown	
USD-271	0.845	0.485761	0.7302	-5.6984	0.535028	58611050	FK253528	unknown	
USD-531	0.845	0.48742	-0.72734	-5.7004	-0.835186	58611309	FK253787	unknown	
USD-118	0.845	0.489353	0.72401	-5.7028	0.434825	58610891	FK253369	unknown	
USD-453	0.845	0.489422	-0.72389	-5.7029	-0.881093	58611230	FK253708	cytosolic glyceraldehyde-3-phosphate-dehydrogenase	
USD-545	0.845	0.490302	-0.72238	-5.704	-0.364024	NA		unknown	-- unknown clone: USD-545
USD-448	0.845	0.490943	0.72128	-5.7047	0.414585	58611224	FK253702	TMT2 Tonoplast monosaccharide transporter	
USD-277	0.845	0.491784	0.71984	-5.7058	0.481874	58611056	FK253534	unknown	
USD-494	0.845	0.49185	0.71973	-5.7059	0.484466	58611272	FK253750	unknown	
USD-200	0.845	0.492112	-0.71928	-5.7062	-0.574465	58610973	FK253451	unknown	
USD-321	0.845	0.492521	-0.71858	-5.7067	-0.855016	58611102	FK253580	ATP-dependent RNA helicase	
USD-648	0.845	0.492815	-0.71807	-5.707	-0.830248	NA		unknown	-- unknown clone: USD-648
USD-506	0.845	0.492977	-0.7178	-5.7072	-1.677414	58611283	FK253761	unknown	
USD-172	0.846	0.496612	0.71159	-5.7116	0.413183	58610949	FK253427	unknown	
USD-650	0.846	0.497623	0.70987	-5.7128	0.361845	58611424	FK253902	unknown	
USD-232	0.846	0.500537	0.70493	-5.7162	0.581456	NA		unknown	-- unknown clone: USD-232
USD-445	0.846	0.500783	-0.70451	-5.7165	-0.358058	58611221	FK253699	unknown	
USD-585	0.846	0.500997	-0.70415	-5.7168	-0.581552	NA		unknown	-- unknown clone: USD-585
USD-290	0.846	0.5023	0.70194	-5.7183	0.330949	58611071	FK253549	unknown	
USD-184	0.846	0.503054	0.70067	-5.7192	0.631802	58610959	FK253437	unknown	
USD-148	0.846	0.504006	-0.69906	-5.7203	-0.546057	58610920	FK253398	histone H3	
USD-157	0.846	0.505518	0.69651	-5.7221	0.367829	58610931	FK253409	phospholipase D alpha	
USD-244	0.846	0.506186	0.69539	-5.7228	0.365021	58611021	FK253499	unknown	
USD-236	0.846	0.506583	0.69472	-5.7233	0.532115	58611011	FK253489	alpha beta fold family protein	
USD-430	0.846	0.507014	-0.694	-5.7238	-1.365394	58611207	FK253685	unknown	
USD-486	0.846	0.508282	-0.69187	-5.7252	-0.719928	58611264	FK253742	unknown	
USD-373	0.848	0.510162	-0.68872	-5.7274	-0.514306	NA		unknown	-- unknown clone: USD-373
USD-472	0.849	0.512365	0.68503	-5.7299	0.25306	58611252	FK253730	cyst germination specific acidic repeat protein precursor	
USD-63	0.849	0.513324	0.68343	-5.731	0.413049	NA		unknown	-- unknown clone: USD-63
USD-263	0.853	0.516608	0.67797	-5.7347	0.245088	58611041	FK253519	cellulose synthase-like A2	
USD-379	0.853	0.517709	0.67614	-5.7359	0.288976	58611158	FK253636	eIF4-gamma/eIF5/eIF2-epsilon domain-containing protein	
USD-399	0.855	0.51997	-0.67239	-5.7384	-0.822601	58611176	FK253654	unknown	
USD-323	0.855	0.522702	-0.66788	-5.7414	-0.166943	NA		unknown	-- unknown clone: USD-323
USD-444	0.855	0.522764	-0.66778	-5.7415	-0.67166	NA		unknown	-- unknown clone: USD-444
USD-182	0.855	0.5239	0.66591	-5.7427	0.241676	58610957	FK253435	Ribosomal protein L30	
USD-299	0.855	0.525548	0.6632	-5.7445	0.384352	58611076	FK253554	unknown	
USD-530	0.855	0.526168	-0.66218	-5.7452	-0.632872	58611308	FK253786	unknown	
USD-624	0.855	0.526723	-0.66126	-5.7458	-0.278876	58611396	FK253874	unknown	
USD-496	0.858	0.531455	0.65352	-5.7508	0.188277	58611274	FK253752	putative vacuaolar aspartic proteinase	
USD-260	0.858	0.531521	-0.65341	-5.7509	-0.253271	58611038	FK253516	unknown	
USD-135	0.858	0.532726	-0.65145	-5.7522	-0.894237	58610907	FK253385	unknown	
USD-101	0.858	0.533415	0.65032	-5.7529	0.331272	58610876	FK253354	unknown	
USD-654	0.859	0.534885	0.64793	-5.7545	0.346953	58611428	FK253906	unknown	
USD-352	0.859	0.535727	0.64656	-5.7553	0.255449	58611131	FK253609	unknown	
USD-537	0.86	0.538053	-0.64279	-5.7578	-1.540668	58611316	FK253794	unknown	
USD-47	0.864	0.541229	0.63765	-5.761	0.516257	58611249	FK253727	60S ribosomal protein L38 (RPL38A)	
USD-492	0.865	0.545398	-0.63093	-5.7653	-1.553997	58611270	FK253748	unknown	
USD-198	0.865	0.545409	-0.63091	-5.7653	-0.517529	NA		unknown	-- unknown clone: USD-198
USD-126	0.865	0.547729	-0.62719	-5.7677	-0.18743	58610899	FK253377	hypothetical membrane protein-1 MATE efflux	
USD-119	0.865	0.547911	-0.6269	-5.7678	-0.621956	58610892	FK253370	hypothetical protein: endonuclease exonuclease phosphatase family expressed	
USD-543	0.865	0.548704	-0.62563	-5.7686	-0.173702	58611322	FK253800	SnRK1-interacting protein 1	
USD-16	0.865	0.548748	-0.62556	-5.7687	-0.284013	58610934	FK253412	unknown	
USD-95	0.866	0.551215	0.62161	-5.7711	0.226267	58611553	FK254031	unknown	
USD-158	0.866	0.551943	0.62045	-5.7719	0.42759	58610932	FK253410	amino acid transport protein aat1	
USD-90	0.868	0.5542	0.61685	-5.7741	0.512054	58611549	FK254027	unknown	
USD-518	0.869	0.556587	-0.61305	-5.7764	-0.34594	58611295	FK253773	unknown	
USD-625	0.869	0.558021	0.61078	-5.7778	0.352166	58611397	FK253875	unknown	
USD-743	0.869	0.561134	-0.60585	-5.7808	-0.246621	58611513	FK253991	unknown	
USD-364	0.869	0.561861	0.6047	-5.7815	0.437176	58611145	FK253623	mitochondrial aldehyde dehydrogenase	
USD-647	0.869	0.561919	0.60461	-5.7816	0.243174	58611421	FK253899	unknown	
USD-301	0.869	0.56281	0.6032	-5.7824	0.170154	58611080	FK253558	unknown	
USD-371	0.869	0.563163	0.60264	-5.7828	0.156133	NA		unknown	-- unknown clone: USD-371
USD-393	0.869	0.565425	0.59908	-5.7849	0.251683	58611171	FK253649	unknown	
USD-561	0.869	0.565821	-0.59846	-5.7853	-0.33972	NA		unknown	-- unknown clone: USD-561
USD-613	0.869	0.566315	-0.59768	-5.7858	-0.341762	58611385	FK253863	unknown	
USD-104	0.873	0.570703	-0.59079	-5.7899	-0.161476	58610878	FK253356	glyoxalase bleomycin resistance protein dioxygenase	
USD-9	0.873	0.57077	0.59069	-5.7899	0.227288	NA		unknown	-- unknown clone: USD-9
Tr-155	0.877	0.5755	0.5833	-5.7943	0.196954	NA		rehydrin	rehydrin
USD-242	0.877	0.576149	-0.58229	-5.7949	-0.554562	58611019	FK253497	Esterase/lipase/thioesterase domain containing protein	
USD-696	0.877	0.577732	-0.57983	-5.7963	-0.366168	58611467	FK253945	unknown	
USD-368	0.877	0.578549	-0.57856	-5.7971	-0.329458	58611148	FK253626	hypothetical protein: galactoside 2-alpha-l-fucosyltransferase	
USD-663	0.877	0.579406	0.57723	-5.7978	0.129173	NA		unknown	-- unknown clone: USD-663
USD-695	0.878	0.582075	0.57309	-5.8002	0.365427	58611466	FK253944	unknown	
USD-713	0.878	0.582936	-0.57176	-5.801	-0.14711	58611485	FK253963	unknown	
USD-619	0.878	0.583955	0.57018	-5.8019	0.366332	58611390	FK253868	unknown	
USD-603	0.878	0.584495	-0.56935	-5.8024	-0.265651	58611375	FK253853	unknown	
USD-679	0.881	0.587843	-0.56418	-5.8053	-0.218797	58611450	FK253928	alanine aminotransferase	
USD-501	0.891	0.596708	-0.55059	-5.813	-0.646513	NA		unknown	-- unknown clone: USD-501
USD-281	0.891	0.598242	0.54824	-5.8143	0.235245	58611061	FK253539	unknown	
USD-265	0.891	0.598329	0.54811	-5.8144	0.389153	58611043	FK253521	catalase	
USD-213	0.891	0.600155	-0.54533	-5.8159	-0.169245	58610985	FK253463	putative 60S ribosomal protein L5	
USD-357	0.891	0.600334	0.54506	-5.8161	0.254492	58611136	FK253614	40S ribosomal protein-like protein S3	
USD-3	0.891	0.606181	0.53618	-5.8209	0.289144	58611077	FK253555	unknown	
USD-26	0.891	0.606225	-0.53611	-5.821	-0.587574	58611037	FK253515	putative two-pore calcium channel	
USD-239	0.891	0.611566	0.52804	-5.8253	0.372033	58611015	FK253493	unknown	
USD-420	0.891	0.613121	-0.5257	-5.8266	-0.538947	58611197	FK253675	unknown	
USD-435	0.891	0.614406	-0.52377	-5.8276	-0.297573	58611212	FK253690	unknown	
USD-684	0.891	0.614894	-0.52303	-5.828	-0.533041	58611455	FK253933	unknown	
USD-196	0.891	0.615473	0.52216	-5.8284	0.229845	NA		unknown	-- unknown clone: USD-196
USD-338	0.891	0.615706	0.52181	-5.8286	0.823371	58611116	FK253594	unknown	
USD-375	0.891	0.616397	0.52078	-5.8292	0.231286	58611154	FK253632	unknown	
USD-423	0.891	0.617874	0.51856	-5.8303	0.136544	58611200	FK253678	unknown	
USD-34	0.891	0.618666	-0.51737	-5.831	-0.578384	58611118	FK253596	unknown	
USD-82	0.891	0.619432	0.51623	-5.8316	0.252883	58611542	FK254020	unknown	
USD-197	0.891	0.619777	-0.51571	-5.8318	-0.316233	NA		unknown	-- unknown clone: USD-197
USD-385	0.891	0.620542	-0.51456	-5.8324	-0.312806	NA		unknown	-- unknown clone: USD-385
USD-144	0.891	0.621505	0.51312	-5.8332	0.357781	58610918	FK253396	unknown	
USD-627	0.891	0.621987	-0.5124	-5.8336	-0.326509	58611399	FK253877	unknown	
USD-533	0.891	0.622133	0.51219	-5.8337	0.242756	58611311	FK253789	unknown	
USD-24	0.891	0.622919	-0.51101	-5.8343	-0.494251	58611016	FK253494	unknown	
USD-223	0.891	0.623131	0.51069	-5.8344	0.292963	58610996	FK253474	unknown	
USD-46	0.891	0.623428	-0.51025	-5.8347	-0.144985	NA		unknown	-- unknown clone: USD-46
USD-71	0.891	0.624658	0.50842	-5.8356	0.321347	58611481	FK253959	ATZW10 centromere kinetochore protein	
USD-96	0.894	0.627903	0.50359	-5.8381	0.286926	58611554	FK254032	rice hypothetical protein	
USD-689	0.896	0.63058	-0.49961	-5.8401	-0.575143	58611460	FK253938	unknown	
USD-138	0.898	0.632964	-0.49608	-5.8419	-0.385871	58610910	FK253388	unknown	
USD-84	0.898	0.634116	-0.49437	-5.8428	-0.228377	58611544	FK254022	unknown	
USD-623	0.9	0.636921	0.49023	-5.8449	0.263611	58611395	FK253873	unknown	
USD-241	0.9	0.638886	0.48733	-5.8463	0.471015	58611018	FK253496	unknown	
USD-558	0.9	0.639434	-0.48652	-5.8467	-0.125464	NA		unknown	-- unknown clone: USD-558
USD-108	0.904	0.643042	-0.48121	-5.8493	-0.30672	58610881	FK253359	unknown	
USD-266	0.905	0.646347	-0.47636	-5.8517	-0.244336	58611044	FK253522	unknown	
USD-708	0.905	0.648381	-0.47339	-5.8531	-1.201403	58611479	FK253957	unknown	
USD-336	0.905	0.649402	-0.47189	-5.8539	-0.152827	58611114	FK253592	unknown	
USD-222	0.905	0.649502	0.47175	-5.8539	0.419832	58610995	FK253473	unknown	
USD-730	0.905	0.652475	-0.4674	-5.856	-0.246946	58611501	FK253979	unknown	
USD-245	0.905	0.653242	0.46629	-5.8566	0.468771	58611022	FK253500	unknown	
USD-20	0.905	0.653508	0.4659	-5.8567	0.135884	58610972	FK253450	unknown	
USD-710	0.905	0.655286	-0.46331	-5.858	-0.329343	58611482	FK253960	unknown	
USD-202	0.905	0.655816	0.46254	-5.8583	0.297103	58610975	FK253453	dehydroascorbate reductase	
USD-346	0.905	0.656061	0.46218	-5.8585	0.299628	NA		unknown	-- unknown clone: USD-346
USD-331	0.905	0.657035	0.46076	-5.8592	0.349588	NA		unknown	-- unknown clone: USD-331
USD-341	0.906	0.658547	0.45857	-5.8602	0.108246	58611120	FK253598	cell wall surface anchor family protein	
USD-549	0.908	0.663189	-0.45184	-5.8633	-0.198814	58611327	FK253805	unknown	
USD-349	0.908	0.664792	0.44952	-5.8644	0.3918	58611126	FK253604	unknown	
USD-359	0.908	0.665644	0.44829	-5.865	0.148714	58611138	FK253616	unknown	
USD-765	0.908	0.667222	-0.44601	-5.866	-0.543916	58611533	FK254011	unknown	
USD-441	0.908	0.668338	-0.4444	-5.8668	-0.179106	58611218	FK253696	unknown	
USD-672	0.908	0.67072	-0.44097	-5.8683	-0.427427	58611445	FK253923	unknown	
USD-458	0.908	0.672288	0.43871	-5.8693	0.152835	58611235	FK253713	unknown	
USD-737	0.908	0.673494	-0.43698	-5.8701	-0.187388	58611507	FK253985	unknown	
USD-153	0.908	0.675632	0.43391	-5.8715	0.301444	58610927	FK253405	unknown	
USD-687	0.908	0.676167	0.43314	-5.8718	0.179242	58611458	FK253936	unknown	
USD-602	0.908	0.676615	-0.4325	-5.8721	-0.302443	58611374	FK253852	unknown	
USD-508	0.908	0.678531	0.42975	-5.8733	0.164794	58611285	FK253763	unknown	
USD-397	0.908	0.679729	-0.42804	-5.8741	-0.147995	58611174	FK253652	Lea protein	
USD-683	0.908	0.680305	-0.42722	-5.8744	-0.286602	58611454	FK253932	unknown	
USD-544	0.908	0.680729	-0.42661	-5.8747	-0.611051	58611323	FK253801	regulator of chromosome condensation-like protein	
USD-61	0.908	0.682181	0.42453	-5.8756	0.336336	58611381	FK253859	unknown	
USD-178	0.908	0.683814	-0.4222	-5.8766	-0.475653	NA		unknown	-- unknown clone: USD-178
USD-83	0.908	0.684159	-0.42171	-5.8768	-0.195456	58611543	FK254021	cell surface	
USD-628	0.908	0.685672	-0.41955	-5.8778	-0.505201	58611400	FK253878	unknown	
USD-438	0.908	0.688229	0.41591	-5.8793	0.385991	58611214	FK253692	unknown	
USD-78	0.908	0.688797	0.41511	-5.8797	0.256701	58611536	FK254014	unknown	
USD-741	0.908	0.68925	-0.41446	-5.8799	-0.177673	58611512	FK253990	unknown	
USD-419	0.908	0.689438	-0.41419	-5.8801	-0.314737	58611195	FK253673	unknown	
USD-582	0.908	0.693262	-0.40876	-5.8824	-0.520082	58611357	FK253835	unknown	
USD-69	0.908	0.694939	0.40639	-5.8834	0.204651	58611461	FK253939	chloroplast gamma-glutamylcysteine synthase	
USD-490	0.908	0.695357	-0.40579	-5.8836	-1.149438	NA		unknown	-- unknown clone: USD-490
USD-14	0.908	0.695782	0.40519	-5.8839	0.214627	NA		unknown	-- unknown clone: USD-14
USD-564	0.908	0.696169	-0.40465	-5.8841	-0.586971	58611340	FK253818	transcriptional factor DBF1: AP2-domain	
USD-697	0.908	0.697165	-0.40324	-5.8847	-0.134586	58611468	FK253946	AKIN gamma	
USD-254	0.908	0.697291	-0.40306	-5.8847	-0.22953	58611031	FK253509	unknown	
USD-45	0.908	0.699085	-0.40052	-5.8858	-0.462265	58611226	FK253704	unknown	
USD-504	0.908	0.700548	-0.39846	-5.8866	-0.256435	58611281	FK253759	unknown	
USD-734	0.908	0.701705	0.39682	-5.8873	0.192569	58611504	FK253982	unknown	
USD-483	0.908	0.704299	0.39317	-5.8888	0.160795	58611261	FK253739	unknown	
USD-105	0.908	0.704604	-0.39274	-5.889	-0.223221	58611557	FK254035	unknown	
USD-374	0.908	0.704936	0.39227	-5.8892	0.097053	58611153	FK253631	unknown	
USD-283	0.908	0.705082	-0.39206	-5.8892	-0.17541	58611063	FK253541	unknown	
USD-255	0.908	0.70556	-0.39139	-5.8895	-0.600344	58611032	FK253510	unknown	
USD-57	0.908	0.706904	0.3895	-5.8903	0.291623	58611346	FK253824	unknown	
USD-140	0.908	0.707494	-0.38867	-5.8906	-0.341837	58610914	FK253392	unknown	
USD-377	0.908	0.708736	-0.38693	-5.8913	-0.14796	58611156	FK253634	unknown	
USD-429	0.91	0.711763	0.38268	-5.893	0.219484	58611205	FK253683	unknown	
USD-111	0.91	0.712665	-0.38141	-5.8935	-0.371305	58610885	FK253363	unknown	
USD-75	0.911	0.714693	-0.37857	-5.8946	-0.291027	58611517	FK253995	unknown	
USD-261	0.911	0.716045	0.37668	-5.8953	0.348606	58611039	FK253517	ATP-dependent Clp protease regulator	
USD-372	0.911	0.717323	-0.3749	-5.896	-0.299529	58611152	FK253630	unknown	
USD-65	0.914	0.721646	0.36886	-5.8983	0.37377	58611423	FK253901	unknown	
USD-58	0.914	0.723996	-0.36559	-5.8996	-0.088	58611354	FK253832	unknown	
USD-165	0.914	0.726285	0.3624	-5.9008	0.287012	58610941	FK253419	Lea protein	
USD-546	0.914	0.730122	0.35707	-5.9028	0.198728	58611324	FK253802	unknown	
USD-305	0.914	0.730775	0.35617	-5.9031	0.451852	58611084	FK253562	early light-inducible protein elipb	
USD-243	0.914	0.730952	0.35592	-5.9032	0.124679	58611020	FK253498	unknown	
USD-661	0.914	0.731397	-0.35531	-5.9034	-0.277158	58611435	FK253913	unknown	
USD-478	0.914	0.733355	-0.35259	-5.9044	-0.198742	58611255	FK253733	unknown	
USD-552	0.914	0.733786	-0.35199	-5.9046	-0.219047	58611331	FK253809	unknown	
USD-211	0.914	0.735839	-0.34915	-5.9057	-0.251037	NA		unknown	-- unknown clone: USD-211
USD-62	0.914	0.736158	0.34871	-5.9058	0.142388	58611391	FK253869	unknown	
USD-763	0.914	0.738048	0.3461	-5.9068	0.277533	NA		unknown	-- unknown clone: USD-763
USD-206	0.914	0.739103	-0.34464	-5.9073	-0.148885	58610978	FK253456	unknown	
USD-424	0.914	0.739563	0.34401	-5.9075	0.33522	NA		unknown	-- unknown clone: USD-424
USD-604	0.914	0.742165	0.34042	-5.9088	0.090852	58611376	FK253854	senescence/dehydration-associated protein	
USD-132	0.914	0.743172	0.33903	-5.9093	0.161708	58610904	FK253382	GTP-binding protein, putative	
Tr-288	0.914	0.744125	-0.33772	-5.9097	-0.38683	NA		rehydrin	rehydrin
USD-50	0.914	0.744278	0.33751	-5.9098	0.202973	NA		unknown	-- unknown clone: USD-50
USD-671	0.914	0.744585	0.33709	-5.9099	0.103036	58611444	FK253922	hypothetical protein: alcohol zinc-binding domain protein	
USD-74	0.914	0.744804	0.33678	-5.9101	0.272498	58611509	FK253987	unknown	
USD-325	0.914	0.745772	0.33545	-5.9105	0.109423	58611104	FK253582	60S ribosomal protein L13a	
USD-729	0.914	0.746129	0.33496	-5.9107	0.482459	58611499	FK253977	GDSL-motif lipase/hydrolase family protein	
USD-287	0.916	0.74845	0.33177	-5.9118	0.076135	58611067	FK253545	ribosomal protein S24	
USD-214	0.916	0.749452	-0.33039	-5.9123	-0.292291	58610986	FK253464	unknown	
USD-755	0.916	0.750864	-0.32845	-5.9129	-0.466106	58611523	FK254001	tropinone expressed	
USD-319	0.917	0.754439	-0.32355	-5.9146	-0.4352	58611099	FK253577	unknown	
USD-691	0.917	0.756296	-0.32101	-5.9154	-0.799444	NA		unknown	-- unknown clone: USD-691
USD-120	0.917	0.757293	-0.31964	-5.9159	-0.185123	58610894	FK253372	ribosomal protein L32	
USD-594	0.917	0.757576	-0.31926	-5.916	-0.419351	58611366	FK253844	unknown	
USD-417	0.917	0.758043	0.31862	-5.9162	0.074173	58611194	FK253672	unknown	
USD-475	0.918	0.759739	-0.3163	-5.917	-0.161061	58611253	FK253731	unknown	
Tr-403	0.919	0.761739	0.31357	-5.9179	0.184228	NA		rehydrin	rehydrin
USD-279	0.92	0.764515	0.30978	-5.9191	0.26468	58611058	FK253536	hypothetical protein : 1 protease	
USD-115	0.92	0.764903	0.30925	-5.9193	0.130707	NA		unknown	-- unknown clone: USD-115
USD-167	0.921	0.767807	-0.30529	-5.9205	-0.261472	58610943	FK253421	stromal ascorbate peroxidase	
USD-234	0.921	0.768369	0.30453	-5.9208	0.144737	58611009	FK253487	unknown	
USD-89	0.923	0.771882	-0.29975	-5.9223	-0.180892	NA		unknown	-- unknown clone: USD-89
USD-192	0.923	0.772777	-0.29854	-5.9227	-0.152039	NA		unknown	-- unknown clone: USD-192
USD-355	0.923	0.773503	0.29755	-5.923	0.213893	58611134	FK253612	unknown	
USD-309	0.924	0.776534	0.29344	-5.9242	0.118405	58611089	FK253567	putative 60S ribosomal protein L1	
USD-152	0.924	0.77859	-0.29065	-5.9251	-0.203093	58610926	FK253404	unknown	
USD-575	0.924	0.779205	-0.28982	-5.9253	-0.107373	58611351	FK253829	unknown	
USD-499	0.924	0.779715	-0.28913	-5.9255	-0.24554	58611276	FK253754	putative ATP/GTP-binding protein	
USD-471	0.924	0.78013	0.28857	-5.9257	0.130676	58611251	FK253729	unknown	
USD-249	0.924	0.78401	-0.28332	-5.9273	-0.317449	58611026	FK253504	unknown	
USD-681	0.924	0.785766	-0.28094	-5.928	-0.24741	58611452	FK253930	unknown	
USD-700	0.924	0.785974	-0.28066	-5.928	-0.144073	58611472	FK253950	unknown	
USD-35	0.924	0.786979	-0.27931	-5.9284	-0.195438	58611127	FK253605	unknown	
USD-570	0.924	0.787644	0.27841	-5.9287	0.10277	58611347	FK253825	unknown	
USD-313	0.924	0.78923	-0.27627	-5.9293	-0.147791	58611095	FK253573	unknown	
USD-369	0.924	0.789843	-0.27544	-5.9295	-0.109988	58611149	FK253627	protease	
USD-587	0.924	0.790391	0.2747	-5.9298	0.096333	58611360	FK253838	unknown	
USD-416	0.924	0.791332	0.27344	-5.9301	0.099626	58611193	FK253671	unknown	
USD-709	0.927	0.795448	-0.26789	-5.9317	-0.137632	58611480	FK253958	unknown	
USD-15	0.927	0.796684	0.26623	-5.9321	0.176473	58610923	FK253401	unknown	
Tr-418	0.928	0.799118	-0.26296	-5.933	-0.098534	NA		rehydrin	rehydrin
USD-456	0.928	0.800781	0.26073	-5.9337	0.139568	58611233	FK253711	unknown	
USD-224	0.928	0.800976	0.26047	-5.9337	0.074553	58610997	FK253475	Cyclohexanone monooxygenase	
USD-673	0.928	0.802701	0.25815	-5.9343	0.331025	NA		unknown	-- unknown clone: USD-673
USD-468	0.928	0.803055	0.25768	-5.9345	0.091344	58611247	FK253725	desiccation-related protein pcc13-62	
USD-675	0.93	0.806282	-0.25335	-5.9356	-0.220446	58611447	FK253925	oxidoreductase, 2OG-Fe oxygenase family	
USD-32	0.932	0.809344	0.24925	-5.9367	0.226646	NA		unknown	-- unknown clone: USD-32
USD-208	0.932	0.810041	0.24832	-5.9369	0.127936	NA		unknown	-- unknown clone: USD-208
USD-151	0.932	0.811232	0.24673	-5.9374	0.103013	58610925	FK253403	unknown	
USD-500	0.932	0.813511	-0.24368	-5.9381	-0.14597	58611278	FK253756	unknown	
S14	0.932	0.814239	0.24271	-5.9384	0.054264	NA	AF108724	T. ruralis ribosomal protein S14	
USD-400	0.935	0.818476	0.23705	-5.9398	0.117409	58611178	FK253656	putative ABC transporter	
USD-659	0.935	0.818632	-0.23685	-5.9398	-0.281117	58611433	FK253911	unknown	
USD-258	0.935	0.820018	0.235	-5.9403	0.178228	58611035	FK253513	msf1-like family protein	
USD-191	0.936	0.822629	-0.23152	-5.9411	-0.094271	58610965	FK253443	cysteine protease inhibitor cystatin	
USD-547	0.936	0.824888	-0.22851	-5.9419	-0.058984	58611325	FK253803	60S ribosomal protein L18	
USD-745	0.936	0.826877	-0.22587	-5.9425	-0.107106	58611515	FK253993	putative ABC transporter	
USD-312	0.936	0.827663	-0.22482	-5.9427	-0.096227	58611094	FK253572	zinc-binding alcohol dehydrogenase	
USD-11	0.936	0.828147	0.22418	-5.9429	0.135918	58610883	FK253361	GLU2 Glutamate synthase ferrodoxin-dependent	
USD-316	0.936	0.828581	0.2236	-5.943	0.129416	58611096	FK253574	unknown	
USD-541	0.936	0.829812	-0.22196	-5.9434	-0.086236	58611320	FK253798	unknown	
USD-454	0.936	0.830543	-0.22099	-5.9436	-0.19383	58611231	FK253709	ABA-responsive protein, putative: fh protein interacting protein fip1	
USD-209	0.936	0.831987	-0.21908	-5.9441	-0.059434	NA		unknown	-- unknown clone: USD-209
USD-748	0.937	0.833988	-0.21642	-5.9447	-0.099241	NA		unknown	-- unknown clone: USD-748
USD-221	0.937	0.835788	0.21403	-5.9452	0.083478	58610994	FK253472	unknown	
USD-296	0.94	0.839776	-0.20875	-5.9464	-0.080061	NA		unknown	-- unknown clone: USD-296
USD-520	0.94	0.841274	-0.20677	-5.9468	-0.155783	58611298	FK253776	unknown	
USD-568	0.94	0.841695	-0.20621	-5.9469	-0.102188	58611344	FK253822	DPE2 4-alpha-glucanotransferase	
USD-548	0.94	0.842665	-0.20492	-5.9472	-0.339512	58611326	FK253804	chloroplast Toc125	
USD-538	0.94	0.844157	0.20295	-5.9476	0.126703	NA		unknown	-- unknown clone: USD-538
USD-97	0.943	0.84808	-0.19777	-5.9487	-0.155349	58611555	FK254033	unknown	
USD-463	0.943	0.849461	-0.19594	-5.9491	-0.088379	58611242	FK253720	unknown	
USD-505	0.944	0.851615	0.1931	-5.9497	0.26321	58611282	FK253760	unknown	
USD-36	0.948	0.862431	0.17885	-5.9524	0.109955	58611139	FK253617	unknown	
USD-639	0.948	0.862798	0.17837	-5.9525	0.058721	58611413	FK253891	unknown	
USD-740	0.948	0.863898	0.17692	-5.9528	0.045229	NA		unknown	-- unknown clone: USD-740
USD-259	0.948	0.865947	0.17422	-5.9533	0.067156	58611036	FK253514	unknown	
USD-521	0.948	0.867183	-0.1726	-5.9536	-0.202283	58611299	FK253777	ABA-induced protein	
USD-23	0.948	0.868055	-0.17145	-5.9538	-0.211432	58611003	FK253481	gamma-glutamylcysteine synthetase	
USD-289	0.948	0.868316	0.17111	-5.9539	0.050329	58611069	FK253547	hypothetical protein: erwinea induced protein	
USD-562	0.948	0.8693	0.16982	-5.9541	0.090138	NA		unknown	-- unknown clone: USD-562
USD-642	0.948	0.870585	0.16813	-5.9544	0.052654	58611417	FK253895	unknown	
USD-146	0.948	0.872156	0.16607	-5.9548	0.043551	NA		unknown	-- unknown clone: USD-146
USD-736	0.948	0.873131	0.16479	-5.955	0.056428	58611506	FK253984	unknown	
USD-361	0.948	0.873691	0.16406	-5.9551	0.041129	58611141	FK253619	putative 60S ribosomal protein L28	
USD-103	0.948	0.875158	-0.16213	-5.9554	-0.089518	58611556	FK254034	unknown	
USD-573	0.948	0.876472	-0.16041	-5.9557	-0.143368	58611349	FK253827	putative prolyl endopeptidase	
USD-382	0.948	0.877749	-0.15873	-5.956	-0.105305	58611162	FK253640	glutamine synthetase	
USD-727	0.948	0.879275	-0.15673	-5.9563	-0.150483	58611497	FK253975	unknown	
USD-317	0.948	0.879771	0.15608	-5.9564	0.141371	58611097	FK253575	unknown	
USD-703	0.948	0.880218	-0.1555	-5.9565	-0.066185	58611475	FK253953	unknown	
USD-705	0.948	0.880288	0.15541	-5.9565	0.048549	58611477	FK253955	hypothetical protein: mitochondrial processing peptidase alpha subunit	
USD-509	0.948	0.880327	-0.15536	-5.9566	-0.177103	58611286	FK253764	unknown	
USD-302	0.949	0.882573	-0.15241	-5.957	-0.160613	58611081	FK253559	unknown	
USD-415	0.949	0.88436	-0.15008	-5.9574	-0.056614	58611192	FK253670	galactose-1-phosphate uridylyltransferase	
USD-292	0.949	0.884631	-0.14972	-5.9575	-0.143775	58611073	FK253551	unknown	
USD-81	0.949	0.887361	0.14615	-5.958	0.166454	58611541	FK254019	ERD4 protein	
USD-170	0.949	0.887982	-0.14534	-5.9581	-0.130768	58610947	FK253425	unknown	
USD-308	0.949	0.888956	0.14406	-5.9583	0.060054	58611088	FK253566	Mo25 family protein	
USD-10	0.949	0.889123	0.14384	-5.9584	0.039754	58610874	FK253352	40S ribosomal protein S25	
USD-712	0.953	0.895106	0.13603	-5.9595	0.095843	58611484	FK253962	mitochondrial tryptophan rich sensory protein 1	
USD-615	0.953	0.896112	0.13471	-5.9597	0.080165	58611387	FK253865	unknown	
Tr-421	0.954	0.897569	-0.13281	-5.96	-0.0412	NA		rehydrin	rehydrin
USD-264	0.956	0.903564	0.12499	-5.961	0.046129	58611042	FK253520	60S ribosomal protein L35	
USD-363	0.956	0.904071	-0.12433	-5.9611	-0.140468	58611144	FK253622	hypothetical protein SNOG_15415 : secreted protein	
USD-53	0.956	0.904791	-0.12339	-5.9612	-0.111371	58611307	FK253785	PQ loop repeat protein: sl15-like	
USD-229	0.956	0.905732	0.12217	-5.9614	0.128922	58611002	FK253480	hypothetical protein: Serine/threonine phosphatase domain	
USD-98	0.956	0.90602	-0.12179	-5.9614	-0.0714	NA		unknown	-- unknown clone: USD-98
USD-455	0.957	0.908417	0.11867	-5.9618	0.067381	58611232	FK253710	unknown	
USD-1	0.958	0.91129	0.11493	-5.9623	0.165121	NA		unknown	-- unknown clone: USD-1
USD-173	0.958	0.911706	0.11438	-5.9623	0.082437	NA		unknown	-- unknown clone: USD-173
USD-704	0.958	0.912568	-0.11326	-5.9625	-0.070766	58611476	FK253954	unknown	
USD-649	0.962	0.918374	-0.10571	-5.9633	-0.025412	58611422	FK253900	inorganic phosphate transporter	
USD-629	0.966	0.923158	0.09949	-5.964	0.114446	58611401	FK253879	unknown	
USD-510	0.966	0.923913	-0.09851	-5.9641	-0.040907	58611288	FK253766	unknown	
USD-370	0.966	0.925422	0.09655	-5.9643	0.12733	58611151	FK253629	unknown	
USD-674	0.967	0.929715	0.09097	-5.9649	0.131378	58611446	FK253924	unknown	
USD-298	0.967	0.930616	0.0898	-5.965	0.024189	NA		unknown	-- unknown clone: USD-298
USD-237	0.967	0.931242	0.08899	-5.9651	0.130829	58611012	FK253490	unknown	
USD-580	0.967	0.931527	0.08862	-5.9651	0.056608	58611355	FK253833	unknown	
USD-52	0.968	0.933885	-0.08556	-5.9654	-0.043335	58611297	FK253775	unknown	
USD-682	0.968	0.935671	-0.08324	-5.9656	-0.13274	58611453	FK253931	unknown	
USD-19	0.968	0.936277	-0.08246	-5.9656	-0.027535	58610963	FK253441	unknown	
USD-766	0.969	0.938952	0.07899	-5.9659	0.049783	58611534	FK254012	soluble epoxide hydrolase	
USD-701	0.971	0.942083	-0.07493	-5.9663	-0.019052	58611473	FK253951	unknown	
USD-129	0.973	0.944951	0.07121	-5.9666	0.023513	58610901	FK253379	glucose-6-phosphate dehydrogenase	
USD-566	0.973	0.946217	-0.06957	-5.9667	-0.093636	58611342	FK253820	glyceraldehyde-3-phosphate dehydrogenase	
USD-225	0.973	0.947305	0.06816	-5.9668	0.061435	58610998	FK253476	unknown	
USD-646	0.974	0.949993	-0.06468	-5.967	-0.046745	58611420	FK253898	unknown	
USD-25	0.975	0.952408	0.06155	-5.9672	0.040434	NA		unknown	-- unknown clone: USD-25
USD-636	0.975	0.954263	0.05915	-5.9674	0.043757	58611410	FK253888	unknown	
USD-645	0.975	0.955221	-0.05791	-5.9675	-0.054762	NA		unknown	-- unknown clone: USD-645
USD-272	0.975	0.956253	-0.05657	-5.9675	-0.076681	58611051	FK253529	unknown	
USD-426	0.976	0.958992	0.05302	-5.9677	0.034613	58611202	FK253680	hypothetical protein:cbs domain-containing protein	
USD-39	0.976	0.95992	0.05182	-5.9678	0.040312	58611168	FK253646	unknown	
USD-715	0.977	0.961228	-0.05013	-5.9679	-0.018243	58611486	FK253964	annexin a7	
USD-440	0.98	0.966164	-0.04374	-5.9682	-0.046292	58611217	FK253695	unknown protein	
USD-88	0.98	0.967501	0.04201	-5.9683	0.019729	58611548	FK254026	unknown	
USD-665	0.983	0.972634	0.03537	-5.9686	0.0204	58611438	FK253916	unknown	
89	0.983	0.972702	-0.03529	-5.9686	-0.047841	NA		rehydrin	rehydrin
USD-502	0.985	0.976048	0.03096	-5.9687	0.01537	58611279	FK253757	unknown	
USD-535	0.985	0.977652	0.02889	-5.9688	0.018699	NA		unknown	-- unknown clone: USD-535
USD-55	0.985	0.978727	0.0275	-5.9688	0.023507	58611328	FK253806	unknown	
USD-199	0.99	0.9863	-0.01771	-5.9691	-0.016947	58610971	FK253449	unknown	
USD-428	0.99	0.986989	-0.01682	-5.9691	-0.011936	58611204	FK253682	unknown	
USD-617	0.99	0.98725	0.01648	-5.9691	0.004587	NA		unknown	-- unknown clone: USD-617
USD-536	0.994	0.993187	0.0088	-5.9692	0.00338	58611315	FK253793	unknown	
USD-92	0.999	0.998736	-0.00163	-5.9692	-0.000507	58611551	FK254029	unknown	
